203524,GZBKC_HEALTHCHK,葛洲坝kc健康检测
203523,GZBKP_HEALTHCHK,葛洲坝kp健康检测
203522,GZBOP_HEALTHCHK,葛洲坝op健康检测
203521,GZBDAS_HEALTHCHK,葛洲坝das健康检测
203520,GZBSRC_HEALTHCHK,葛洲坝src健康检测
629055,SXSRC_HEALTHCHK,三峡src健康检测
629054,SXKC_HEALTHCHK,三峡kc健康检查
629053,SXKP_HEALTHCHK,三峡kp健康检测
629052,SXOP_HEALTHCHK,三峡op健康检测
629051,SXDAS_HEALTHCHK,三峡das健康检测
349120,XJBKC_HEALTHCHK,向家坝kc健康检测
349119,XJBKP_HEALTHCHK,向家坝kp健康检测
349118,XJBOP_HEALTHCHK,向家坝op健康检测
349117,XJBDAS_HEALTHCHK,向家坝das健康检测
349116,XJBSRC_HEALTHCHK,向家坝src健康检测
955725,XLDKC_HEALTHCHK,溪洛渡kp健康检测
955724,XLDKP_HEALTHCHK,溪洛渡kp健康检测
955723,XLDBOP_HEALTHCHK,溪洛渡op健康检测
955722,XLDDAS_HEALTHCHK,溪洛渡das健康检测
955721,XLDSRC_HEALTHCHK,溪洛渡src健康检测